{
  "HOUSE": {
    "expected_dem_seats": 31.02,
    "histogram": {
      "0": 0.00856,
      "1": 0.00326,
      "10": 0.00238,
      "11": 0.00202,
      "12": 0.00246,
      "13": 0.00226,
      "14": 0.00264,
      "15": 0.00222,
      "16": 0.00266,
      "17": 0.00256,
      "18": 0.00244,
      "19": 0.00292,
      "2": 0.00234,
      "20": 0.00308,
      "21": 0.0032,
      "22": 0.00348,
      "23": 0.00342,
      "24": 0.00448,
      "25": 0.00514,
      "26": 0.00602,
      "27": 0.00842,
      "28": 0.01056,
      "29": 0.01586,
      "3": 0.00246,
      "30": 0.03096,
      "31": 0.53356,
      "32": 0.06596,
      "33": 0.03746,
      "34": 0.02844,
      "35": 0.0248,
      "36": 0.02218,
      "37": 0.02142,
      "38": 0.02262,
      "39": 0.02662,
      "4": 0.00192,
      "40": 0.06916,
      "5": 0.00224,
      "6": 0.00176,
      "7": 0.00176,
      "8": 0.00206,
      "9": 0.00224
    },
    "majority_threshold": 21,
    "n_races": 40,
    "p_dem_majority": 0.9438,
    "seats_p10": 28.0,
    "seats_p50": 31.0,
    "seats_p90": 38.0
  }
}
